City_ID,City,Country,Date,Lat,Lng,Max Temp,Humidity,Cloudiness,Wind Speed,Current Description,Rain inches (last 3 hrs),Snow inches (last 3 hrs)
0,Yellowknife,CA,2020-05-09 19:42:26,62.46,-114.35,32.0,65,20,9.17,few clouds,0.0,0.0
1,Rikitea,PF,2020-05-09 19:42:26,-23.12,-134.97,75.69,64,0,1.95,clear sky,0.0,0.0
2,Port Macquarie,AU,2020-05-09 19:42:27,-31.43,152.92,53.01,94,0,13.49,clear sky,0.0,0.0
3,Port Alfred,ZA,2020-05-09 19:42:27,-33.59,26.89,62.01,96,1,1.99,clear sky,0.0,0.0
4,Atuona,PF,2020-05-09 19:42:27,-9.8,-139.03,81.19,76,94,17.87,overcast clouds,0.0,0.0
5,Chadiza,ZM,2020-05-09 19:42:27,-14.07,32.44,57.45,84,0,5.44,clear sky,0.0,0.0
6,Hilo,US,2020-05-09 19:42:28,19.73,-155.09,71.6,83,90,5.82,moderate rain,0.0,0.0
7,Santa Maria Del Oro,MX,2020-05-09 19:42:28,25.93,-105.37,79.14,22,9,3.56,clear sky,0.0,0.0
8,Cape Town,ZA,2020-05-09 19:39:02,-33.93,18.42,59.0,93,0,5.82,clear sky,0.0,0.0
9,Jamestown,US,2020-05-09 19:37:32,42.1,-79.24,30.2,86,90,13.87,heavy snow,0.0,0.0
10,Mataura,NZ,2020-05-09 19:42:28,-46.19,168.86,45.82,85,21,3.8,few clouds,0.0,0.0
11,Shalakusha,RU,2020-05-09 19:42:29,62.22,40.25,43.25,89,64,3.6,broken clouds,0.0,0.0
12,Punta Arenas,CL,2020-05-09 19:42:29,-53.15,-70.92,44.6,93,75,4.7,broken clouds,0.0,0.0
13,Albany,US,2020-05-09 19:42:29,42.6,-73.97,43.0,43,68,19.64,broken clouds,0.0,0.0
14,East London,ZA,2020-05-09 19:42:29,-33.02,27.91,66.4,82,26,8.01,scattered clouds,0.0,0.0
15,Lebu,CL,2020-05-09 19:42:29,-37.62,-73.65,58.39,77,100,16.75,overcast clouds,0.0,0.0
16,New Norfolk,AU,2020-05-09 19:42:30,-42.78,147.06,41.0,85,18,3.06,few clouds,0.0,0.0
17,Gold Coast,AU,2020-05-09 19:42:30,-28.0,153.43,64.0,93,15,3.36,few clouds,0.0,0.0
18,Lompoc,US,2020-05-09 19:37:50,34.64,-120.46,71.01,77,1,6.53,clear sky,0.0,0.0
19,Batsfjord,NO,2020-05-09 19:42:31,70.63,29.72,29.1,91,91,3.27,overcast clouds,0.0,0.0
20,Abha,SA,2020-05-09 19:37:36,18.22,42.51,71.6,82,14,9.17,few clouds,0.0,0.0
21,Zhuanghe,CN,2020-05-09 19:42:31,39.7,122.99,59.0,85,100,3.0,overcast clouds,0.0,0.0
22,Busselton,AU,2020-05-09 19:42:31,-33.65,115.33,41.0,72,0,5.57,clear sky,0.0,0.0
23,Bluff,NZ,2020-05-09 19:42:31,-46.6,168.33,52.09,78,57,10.11,broken clouds,0.0,0.0
24,Kieta,PG,2020-05-09 19:42:32,-6.22,155.63,80.24,81,75,5.37,light rain,0.0,0.0
25,Ribeira Grande,PT,2020-05-09 19:42:32,38.52,-28.7,64.4,88,75,18.34,broken clouds,0.0,0.0
26,Kruisfontein,ZA,2020-05-09 19:37:53,-34.0,24.73,58.98,85,0,3.76,clear sky,0.0,0.0
27,Luganville,VU,2020-05-09 19:42:32,-15.53,167.17,77.0,83,40,5.82,scattered clouds,0.0,0.0
28,Talnakh,RU,2020-05-09 19:42:32,69.49,88.4,30.2,92,75,22.37,broken clouds,0.0,0.0
29,Naze,JP,2020-05-09 19:42:33,28.37,129.48,71.6,94,75,5.82,broken clouds,0.0,0.0
30,Palmerston,AU,2020-05-09 19:42:33,-12.49,130.98,77.0,83,43,4.7,scattered clouds,0.0,0.0
31,Half Moon Bay,US,2020-05-09 19:42:33,37.46,-122.43,70.0,87,40,5.82,mist,0.0,0.0
32,Tombouctou,ML,2020-05-09 19:42:33,20.0,-3.0,90.63,11,0,2.53,clear sky,0.0,0.0
33,Port Elizabeth,ZA,2020-05-09 19:42:34,-33.92,25.57,64.4,93,0,6.93,clear sky,0.0,0.0
34,Barrow,US,2020-05-09 19:42:34,71.29,-156.79,26.6,79,90,11.41,overcast clouds,0.0,0.0
35,Mar Del Plata,AR,2020-05-09 19:42:34,-38.0,-57.56,71.01,59,0,18.34,clear sky,0.0,0.0
36,Bredasdorp,ZA,2020-05-09 19:42:34,-34.53,20.04,62.6,88,0,5.82,clear sky,0.0,0.0
37,Hervey Bay,AU,2020-05-09 19:42:35,-25.3,152.85,62.01,87,100,3.0,light rain,0.0,0.0
38,Kapaa,US,2020-05-09 19:42:35,22.08,-159.32,75.2,73,75,18.34,light rain,0.0,0.0
39,Victoria,HK,2020-05-09 19:42:35,22.29,114.16,82.99,85,69,5.99,broken clouds,0.0,0.0
40,Kasempa,ZM,2020-05-09 19:42:35,-13.46,25.83,62.38,68,9,6.2,clear sky,0.0,0.0
41,Oktyabrskiy,RU,2020-05-09 19:42:35,54.48,53.47,61.57,58,4,12.5,clear sky,0.0,0.0
42,Mbuji-Mayi,CD,2020-05-09 19:42:36,-6.15,23.6,74.14,83,38,3.53,scattered clouds,0.0,0.0
43,Alofi,NU,2020-05-09 19:42:36,-19.06,-169.92,78.8,88,51,5.82,broken clouds,0.0,0.0
44,Ust-Kuyga,RU,2020-05-09 19:42:36,70.02,135.6,28.11,97,100,4.34,overcast clouds,0.0,0.0
45,Hithadhoo,MV,2020-05-09 19:42:36,-0.6,73.08,85.06,77,100,13.58,light rain,0.0,0.0
46,Santa Cruz,BO,2020-05-09 19:41:57,-17.8,-63.17,82.4,37,0,16.11,clear sky,0.0,0.0
47,Butaritari,KI,2020-05-09 19:42:36,3.07,172.79,82.94,81,0,11.72,clear sky,0.0,0.0
48,Saskylakh,RU,2020-05-09 19:38:00,71.92,114.08,19.6,95,100,16.06,light snow,0.0,0.0
49,Auburn,US,2020-05-09 19:41:50,47.31,-122.23,84.0,24,75,6.93,broken clouds,0.0,0.0
50,Vilcun,CL,2020-05-09 19:42:37,-38.65,-72.23,59.0,72,75,17.22,broken clouds,0.0,0.0
51,Parakan,ID,2020-05-09 19:42:37,-6.42,106.01,74.8,88,90,1.1,overcast clouds,0.0,0.0
52,Yar-Sale,RU,2020-05-09 19:42:37,66.83,70.83,33.33,93,96,6.46,overcast clouds,0.0,0.0
53,Ushuaia,AR,2020-05-09 19:42:38,-54.8,-68.3,48.2,81,75,0.54,broken clouds,0.0,0.0
54,Pleshanovo,RU,2020-05-09 19:42:38,52.83,53.48,61.07,61,59,8.75,light rain,0.0,0.0
55,Pervomayskiy,RU,2020-05-09 19:42:38,53.25,40.29,50.13,89,100,5.01,overcast clouds,0.0,0.0
56,Oistins,BB,2020-05-09 19:42:38,13.07,-59.53,86.0,58,40,23.04,shower rain,0.0,0.0
57,Clyde River,CA,2020-05-09 19:42:38,70.47,-68.59,14.0,85,90,18.34,light snow,0.0,0.0
58,Arraial Do Cabo,BR,2020-05-09 19:42:39,-22.97,-42.03,75.2,64,0,8.05,clear sky,0.0,0.0
59,Vaini,TO,2020-05-09 19:42:39,-21.2,-175.2,78.8,94,40,9.17,scattered clouds,0.0,0.0
60,Puerto Ayora,EC,2020-05-09 19:42:39,-0.74,-90.35,82.4,74,40,16.11,scattered clouds,0.0,0.0
61,Rock Sound,BS,2020-05-09 19:42:39,24.9,-76.2,78.76,80,100,8.05,moderate rain,0.0,0.0
62,Kodiak,US,2020-05-09 19:39:59,57.79,-152.41,44.6,87,90,8.05,overcast clouds,0.0,0.0
63,Coahuayana,MX,2020-05-09 19:42:40,18.73,-103.68,91.4,38,40,11.41,scattered clouds,0.0,0.0
64,Elko,US,2020-05-09 19:42:40,41.0,-115.5,73.0,12,1,3.36,clear sky,0.0,0.0
65,Mahebourg,MU,2020-05-09 19:42:40,-20.41,57.7,75.2,83,75,9.17,shower rain,0.0,0.0
66,Sao Domingos,BR,2020-05-09 19:42:40,-13.4,-46.32,72.81,72,97,10.11,overcast clouds,0.0,0.0
67,Saint George,US,2020-05-09 19:37:59,37.1,-113.58,88.0,12,1,3.36,clear sky,0.0,0.0
68,Acapulco,MX,2020-05-09 19:42:41,16.86,-99.89,87.8,70,5,5.82,clear sky,0.0,0.0
69,San Patricio,MX,2020-05-09 19:42:41,19.22,-104.7,86.0,79,5,11.41,clear sky,0.0,0.0
70,Torbay,CA,2020-05-09 19:42:41,47.67,-52.73,46.99,45,90,25.28,overcast clouds,0.0,0.0
71,Pitimbu,BR,2020-05-09 19:42:41,-7.47,-34.81,84.2,66,20,17.22,few clouds,0.0,0.0
72,Georgetown,MY,2020-05-09 19:42:42,5.41,100.34,82.4,94,40,6.29,light rain,0.0,0.0
73,Yulara,AU,2020-05-09 19:42:42,-25.24,130.99,53.6,46,84,8.05,broken clouds,0.0,0.0
74,Bengkulu,ID,2020-05-09 19:42:42,-3.8,102.27,76.3,91,94,4.14,light rain,0.0,0.0
75,Zyryanka,RU,2020-05-09 19:42:42,65.75,150.85,29.86,98,100,17.85,overcast clouds,0.0,0.0
76,Dire,ML,2020-05-09 19:42:43,12.28,-10.97,94.59,30,93,5.28,overcast clouds,0.0,0.0
77,Codrington,AU,2020-05-09 19:37:45,-38.27,141.97,45.75,77,41,8.68,scattered clouds,0.0,0.0
78,Atar,MR,2020-05-09 19:42:43,20.52,-13.05,92.1,12,9,11.3,clear sky,0.0,0.0
79,Dikson,RU,2020-05-09 19:42:43,73.51,80.55,26.4,97,92,18.39,overcast clouds,0.0,0.0
80,Constitucion,CL,2020-05-09 19:42:44,-35.33,-72.42,61.05,79,22,4.81,few clouds,0.0,0.0
81,Tuktoyaktuk,CA,2020-05-09 19:42:44,69.45,-133.04,30.2,80,40,20.8,scattered clouds,0.0,0.0
82,Kahului,US,2020-05-09 19:38:06,20.89,-156.47,78.8,61,40,14.99,light rain,0.0,0.0
83,Matagami,CA,2020-05-09 19:42:44,49.75,-77.63,26.6,73,90,16.11,light snow,0.0,0.0
84,Kaitangata,NZ,2020-05-09 19:42:44,-46.28,169.85,48.99,96,100,1.99,overcast clouds,0.0,0.0
85,Bat Khela,PK,2020-05-09 19:42:45,34.62,71.97,73.24,54,84,6.98,broken clouds,0.0,0.0
86,Kavieng,PG,2020-05-09 19:42:45,-2.57,150.8,83.05,79,2,8.52,clear sky,0.0,0.0
87,Gidam,IN,2020-05-09 19:42:45,18.98,81.4,82.98,44,0,3.4,clear sky,0.0,0.0
88,Karaton,ID,2020-05-09 19:42:45,-6.34,106.1,80.6,94,94,5.82,overcast clouds,0.0,0.0
89,Castro,BR,2020-05-09 19:41:36,-24.79,-50.01,64.45,64,0,3.74,clear sky,0.0,0.0
90,Bethel,US,2020-05-09 19:41:29,41.37,-73.41,44.01,35,90,11.41,overcast clouds,0.0,0.0
91,Thompson,CA,2020-05-09 19:42:43,55.74,-97.86,35.6,47,75,14.99,broken clouds,0.0,0.0
92,Santa Rosa,PH,2020-05-09 19:42:46,14.31,121.11,82.4,74,20,3.36,few clouds,0.0,0.0
93,Provideniya,RU,2020-05-09 19:42:46,64.38,-173.3,38.82,77,100,20.74,overcast clouds,0.0,0.0
94,Turukhansk,RU,2020-05-09 19:42:46,65.82,87.98,31.32,94,100,9.95,overcast clouds,0.0,0.0
95,Koslan,RU,2020-05-09 19:42:46,63.46,48.9,43.77,89,72,2.37,broken clouds,0.0,0.0
96,Kanigoro,ID,2020-05-09 19:42:47,-8.13,112.22,74.61,91,100,2.44,overcast clouds,0.0,0.0
97,Khorixas,NA,2020-05-09 19:42:47,-20.37,14.97,71.04,23,0,6.58,clear sky,0.0,0.0
98,Homer,US,2020-05-09 19:42:47,59.64,-151.55,52.0,57,1,5.82,clear sky,0.0,0.0
99,Saldanha,ZA,2020-05-09 19:42:48,-33.01,17.94,62.6,72,0,6.93,clear sky,0.0,0.0
100,Luderitz,NA,2020-05-09 19:42:48,-26.65,15.16,64.4,63,0,3.36,clear sky,0.0,0.0
101,Vardo,NO,2020-05-09 19:37:53,70.37,31.11,34.95,83,75,3.49,broken clouds,0.0,0.0
102,Kang,BW,2020-05-09 19:42:48,-23.68,22.79,64.42,37,0,3.58,clear sky,0.0,0.0
103,Abu Dhabi,AE,2020-05-09 19:39:51,24.47,54.37,86.0,51,0,2.24,clear sky,0.0,0.0
104,Tomigusuku,JP,2020-05-09 19:42:49,26.18,127.67,75.2,94,75,6.93,broken clouds,0.0,0.0
105,College,US,2020-05-09 19:42:49,64.86,-147.8,66.0,36,75,5.82,broken clouds,0.0,0.0
106,Nikolskoye,RU,2020-05-09 19:42:49,59.7,30.79,46.4,49,0,4.47,clear sky,0.0,0.0
107,Marsa Matruh,EG,2020-05-09 19:42:49,31.35,27.25,64.49,66,0,6.98,clear sky,0.0,0.0
108,Camacha,PT,2020-05-09 19:38:27,33.08,-16.33,66.2,68,40,16.11,scattered clouds,0.0,0.0
109,Hofn,IS,2020-05-09 19:42:50,64.25,-15.21,34.43,75,100,9.37,overcast clouds,0.0,0.0
110,Klyuchi,RU,2020-05-09 19:42:50,52.27,79.17,56.37,54,0,10.49,clear sky,0.0,0.0
111,Wonthaggi,AU,2020-05-09 19:42:50,-38.6,145.59,48.99,81,54,17.25,light rain,0.0,0.0
112,Cabedelo,BR,2020-05-09 19:42:50,-6.98,-34.83,84.2,66,20,17.22,few clouds,0.0,0.0
113,Pacific Grove,US,2020-05-09 19:42:51,36.62,-121.92,70.0,63,1,9.17,clear sky,0.0,0.0
114,Isangel,VU,2020-05-09 19:42:51,-19.55,169.27,64.4,93,3,4.7,clear sky,0.0,0.0
115,Tura,IN,2020-05-09 19:42:51,25.52,90.22,76.33,42,0,3.24,clear sky,0.0,0.0
116,Belyy Yar,RU,2020-05-09 19:42:51,53.6,91.39,39.2,49,0,1.97,clear sky,0.0,0.0
117,Salalah,OM,2020-05-09 19:42:51,17.02,54.09,84.2,83,0,3.36,clear sky,0.0,0.0
118,Chokurdakh,RU,2020-05-09 19:42:52,70.63,147.92,22.19,98,53,5.03,broken clouds,0.0,0.0
119,Ancud,CL,2020-05-09 19:42:52,-41.87,-73.82,55.99,93,90,20.8,overcast clouds,0.0,0.0
120,Beaune,FR,2020-05-09 19:42:52,47.08,4.75,68.0,52,77,5.82,light rain,0.0,0.0
121,Hermanus,ZA,2020-05-09 19:42:52,-34.42,19.23,64.99,64,0,6.26,clear sky,0.0,0.0
122,Ponta Do Sol,PT,2020-05-09 19:42:52,32.67,-17.1,69.8,60,40,5.82,scattered clouds,0.0,0.0
123,Rosarito,MX,2020-05-09 19:42:53,32.33,-117.03,73.99,64,20,11.41,few clouds,0.0,0.0
124,Dulce Nombre De Culmi,HN,2020-05-09 19:42:53,15.1,-85.53,86.0,60,89,3.78,moderate rain,0.0,0.0
125,Erdenet,MN,2020-05-09 19:42:53,49.03,104.08,32.2,90,27,3.33,scattered clouds,0.0,0.0
126,Grootfontein,NA,2020-05-09 19:42:53,-19.57,18.12,58.51,36,0,5.73,clear sky,0.0,0.0
127,Tuatapere,NZ,2020-05-09 19:42:54,-46.13,167.68,52.2,84,88,6.58,overcast clouds,0.0,0.0
128,Tasiilaq,GL,2020-05-09 19:42:54,65.61,-37.64,33.01,85,100,7.72,overcast clouds,0.0,0.0
129,Cabo San Lucas,MX,2020-05-09 19:42:54,22.89,-109.91,88.0,37,5,11.41,clear sky,0.0,0.0
130,Nanortalik,GL,2020-05-09 19:42:54,60.14,-45.24,43.75,60,25,14.81,scattered clouds,0.0,0.0
131,Khatanga,RU,2020-05-09 19:42:55,71.97,102.5,16.88,96,54,11.12,broken clouds,0.0,0.0
132,Klaksvik,FO,2020-05-09 19:42:55,62.23,-6.59,33.8,59,47,14.99,light rain,0.0,0.0
133,Touros,BR,2020-05-09 19:42:55,-5.2,-35.46,82.4,78,75,8.05,broken clouds,0.0,0.0
134,Carnarvon,AU,2020-05-09 19:42:55,-24.87,113.63,74.57,44,100,13.4,overcast clouds,0.0,0.0
135,Ponazyrevo,RU,2020-05-09 19:42:55,58.36,46.31,52.84,96,41,5.7,scattered clouds,0.0,0.0
136,Gobabis,NA,2020-05-09 19:42:56,-22.45,18.97,60.8,38,0,3.36,clear sky,0.0,0.0
137,Solnechnyy,RU,2020-05-09 19:38:19,50.72,136.63,44.37,66,100,2.21,overcast clouds,0.0,0.0
138,Rawson,AR,2020-05-09 19:42:56,-43.3,-65.1,67.08,29,43,18.75,scattered clouds,0.0,0.0
139,Bambous Virieux,MU,2020-05-09 19:42:56,-20.34,57.76,75.2,83,75,9.17,shower rain,0.0,0.0
140,Kindu,CD,2020-05-09 19:42:56,-2.95,25.95,71.83,98,100,1.45,light rain,0.0,0.0
141,Abilene,US,2020-05-09 19:42:57,32.45,-99.73,75.0,37,1,9.04,clear sky,0.0,0.0
142,Niquero,CU,2020-05-09 19:42:57,20.04,-77.58,86.45,66,100,7.56,overcast clouds,0.0,0.0
143,Burgeo,CA,2020-05-09 19:42:57,47.62,-57.62,39.31,95,100,25.17,heavy intensity rain,0.0,0.0
144,Ixtapa,MX,2020-05-09 19:42:57,20.7,-105.2,84.2,66,5,11.41,clear sky,0.0,0.0
145,Boa Vista,BR,2020-05-09 19:42:58,2.82,-60.67,87.8,58,75,13.87,broken clouds,0.0,0.0
146,Usinsk,RU,2020-05-09 19:42:58,65.99,57.53,42.8,72,100,3.4,overcast clouds,0.0,0.0
147,Nishihara,JP,2020-05-09 19:42:58,26.18,127.76,75.2,94,75,6.93,broken clouds,0.0,0.0
148,Vilhena,BR,2020-05-09 19:39:03,-12.74,-60.15,78.8,69,40,6.93,scattered clouds,0.0,0.0
149,Esperance,AU,2020-05-09 19:42:58,-33.87,121.9,48.2,93,0,10.29,clear sky,0.0,0.0
150,Dongsheng,CN,2020-05-09 19:42:59,39.82,109.98,45.34,48,0,16.98,clear sky,0.0,0.0
151,Cedar City,US,2020-05-09 19:42:59,37.68,-113.06,71.6,14,1,3.36,clear sky,0.0,0.0
152,Tiksi,RU,2020-05-09 19:42:59,71.69,128.87,15.62,94,0,5.01,clear sky,0.0,0.0
153,Havelock,US,2020-05-09 19:42:59,34.88,-76.9,62.6,29,1,8.05,clear sky,0.0,0.0
154,Itarema,BR,2020-05-09 19:43:00,-2.92,-39.92,80.4,85,70,7.76,light rain,0.0,0.0
155,Maues,BR,2020-05-09 19:42:45,-3.38,-57.72,82.42,90,100,0.67,moderate rain,0.0,0.0
156,Baishishan,CN,2020-05-09 19:43:00,43.58,127.57,50.79,91,100,1.05,overcast clouds,0.0,0.0
157,Ludvika,SE,2020-05-09 19:43:00,60.15,15.19,53.6,62,19,4.7,few clouds,0.0,0.0
158,Portland,US,2020-05-09 19:43:00,45.52,-122.68,84.0,26,75,23.04,broken clouds,0.0,0.0
159,Pisco,PE,2020-05-09 19:43:01,-13.7,-76.22,73.4,69,12,6.93,few clouds,0.0,0.0
160,Jalu,LY,2020-05-09 19:43:01,29.03,21.55,72.07,20,83,7.67,broken clouds,0.0,0.0
161,Saint-Pierre,RE,2020-05-09 19:43:02,-21.34,55.48,71.6,78,20,5.82,few clouds,0.0,0.0
162,Vanimo,PG,2020-05-09 19:43:02,-2.67,141.3,78.51,86,19,4.0,few clouds,0.0,0.0
163,Maragogi,BR,2020-05-09 19:43:02,-9.01,-35.22,78.44,80,75,6.69,broken clouds,0.0,0.0
164,Hobart,AU,2020-05-09 19:40:11,-42.88,147.33,45.0,75,40,3.36,scattered clouds,0.0,0.0
165,Avarua,CK,2020-05-09 19:43:02,-21.21,-159.78,80.6,83,6,13.87,clear sky,0.0,0.0
166,Fairbanks,US,2020-05-09 19:38:53,64.84,-147.72,64.0,35,1,4.7,clear sky,0.0,0.0
167,Fallon,US,2020-05-09 19:43:03,39.47,-118.78,79.0,11,1,3.36,clear sky,0.0,0.0
168,Kotido,UG,2020-05-09 19:43:03,2.98,34.13,71.89,72,100,7.4,overcast clouds,0.0,0.0
169,Pestyaki,RU,2020-05-09 19:43:03,56.71,42.67,51.66,94,99,8.68,overcast clouds,0.0,0.0
170,Nushki,PK,2020-05-09 19:43:04,29.55,66.02,80.53,15,36,6.53,scattered clouds,0.0,0.0
171,Souillac,MU,2020-05-09 19:43:04,-20.52,57.52,75.2,83,75,9.17,shower rain,0.0,0.0
172,Newton,US,2020-05-09 19:38:06,42.34,-71.21,46.0,35,98,24.16,overcast clouds,0.0,0.0
173,Haines Junction,CA,2020-05-09 19:43:04,60.75,-137.51,61.59,41,64,1.9,broken clouds,0.0,0.0
174,Longyearbyen,SJ,2020-05-09 19:43:05,78.22,15.64,19.4,57,40,17.22,scattered clouds,0.0,0.0
175,Sladkovo,RU,2020-05-09 19:43:05,55.53,70.34,57.85,44,0,8.3,clear sky,0.0,0.0
176,Ornskoldsvik,SE,2020-05-09 19:43:05,63.29,18.72,39.2,55,100,10.29,light snow,0.0,0.0
177,Dryden,CA,2020-05-09 19:43:05,49.78,-92.75,42.8,38,20,10.29,few clouds,0.0,0.0
178,Beringovskiy,RU,2020-05-09 19:43:06,63.05,179.32,32.4,97,100,36.84,snow,0.0,0.0
179,Novo Aripuana,BR,2020-05-09 19:43:06,-5.12,-60.38,86.81,65,93,2.21,overcast clouds,0.0,0.0
180,Tahoua,NE,2020-05-09 19:43:06,14.89,5.27,91.69,18,6,4.68,clear sky,0.0,0.0
181,Cabra,ES,2020-05-09 19:43:07,37.47,-4.44,64.0,60,76,4.0,broken clouds,0.0,0.0
182,Nuevo Laredo,MX,2020-05-09 19:43:07,27.48,-99.52,78.8,50,40,5.82,scattered clouds,0.0,0.0
183,Chuy,UY,2020-05-09 19:43:07,-33.7,-53.46,63.93,58,82,6.76,broken clouds,0.0,0.0
184,Comodoro Rivadavia,AR,2020-05-09 19:39:26,-45.87,-67.5,60.8,51,75,18.34,broken clouds,0.0,0.0
185,Saint-Philippe,RE,2020-05-09 19:43:07,-21.36,55.77,71.6,78,20,5.82,few clouds,0.0,0.0
186,Kailahun,SL,2020-05-09 19:43:07,8.28,-10.57,75.09,94,100,4.65,moderate rain,0.0,0.0
187,Vila Velha,BR,2020-05-09 19:43:08,-20.33,-40.29,73.4,64,75,9.17,broken clouds,0.0,0.0
188,Yeppoon,AU,2020-05-09 19:43:08,-23.13,150.73,57.2,93,90,4.61,overcast clouds,0.0,0.0
189,Bucak,TR,2020-05-09 19:43:08,37.46,30.59,68.0,58,0,4.7,clear sky,0.0,0.0
190,Sioux Lookout,CA,2020-05-09 19:43:08,50.1,-91.92,39.2,51,75,11.41,broken clouds,0.0,0.0
191,Katsuura,JP,2020-05-09 19:43:08,35.13,140.3,66.0,92,97,8.99,overcast clouds,0.0,0.0
192,Emerald,AU,2020-05-09 19:43:09,-23.53,148.17,59.0,82,3,2.82,clear sky,0.0,0.0
193,Quatre Cocos,MU,2020-05-09 19:38:12,-20.21,57.76,75.2,83,75,9.17,shower rain,0.0,0.0
194,Kirando,TZ,2020-05-09 19:43:09,-7.42,30.6,76.1,68,95,6.49,overcast clouds,0.0,0.0
195,Port Hardy,CA,2020-05-09 19:43:10,50.7,-127.42,60.8,51,75,4.81,broken clouds,0.0,0.0
196,Airai,TL,2020-05-09 19:43:10,-8.93,125.41,56.91,100,94,3.18,overcast clouds,0.0,0.0
197,Liverpool,GB,2020-05-09 19:43:10,53.41,-2.98,66.2,52,34,12.75,scattered clouds,0.0,0.0
198,Inta,RU,2020-05-09 19:43:10,66.03,60.17,42.22,75,100,4.56,overcast clouds,0.0,0.0
199,Winnetka,US,2020-05-09 19:39:29,42.11,-87.74,57.99,22,1,16.11,clear sky,0.0,0.0
200,Ust-Nera,RU,2020-05-09 19:43:11,64.57,143.2,25.36,91,74,6.13,broken clouds,0.0,0.0
201,Tupi Paulista,BR,2020-05-09 19:43:11,-21.38,-51.57,76.24,56,0,3.69,clear sky,0.0,0.0
202,Basco,PH,2020-05-09 19:43:11,20.45,121.97,82.44,77,98,8.55,overcast clouds,0.0,0.0
203,Asau,RO,2020-05-09 19:43:12,46.43,26.4,50.0,82,84,1.54,broken clouds,0.0,0.0
204,Camana,PE,2020-05-09 19:43:12,-16.62,-72.71,69.64,70,56,7.2,broken clouds,0.0,0.0
205,Chernyshevskiy,RU,2020-05-09 19:43:12,63.01,112.47,35.06,100,100,6.53,light rain,0.0,0.0
206,Beyneu,KZ,2020-05-09 19:38:21,45.32,55.2,67.12,58,49,12.64,scattered clouds,0.0,0.0
207,Tshane,BW,2020-05-09 19:43:12,-24.02,21.87,65.43,34,0,5.79,clear sky,0.0,0.0
208,Zhanaozen,KZ,2020-05-09 19:43:13,43.3,52.8,63.93,62,53,14.74,broken clouds,0.0,0.0
209,Walvis Bay,NA,2020-05-09 19:43:13,-22.96,14.51,74.5,36,0,7.16,clear sky,0.0,0.0
210,Myitkyina,MM,2020-05-09 19:43:14,25.38,97.4,73.42,55,0,2.33,clear sky,0.0,0.0
211,Pangai,TO,2020-05-09 19:43:14,-19.8,-174.35,80.73,82,95,8.16,moderate rain,0.0,0.0
212,Teguise,ES,2020-05-09 19:38:52,29.06,-13.56,71.6,64,20,16.11,few clouds,0.0,0.0
213,Soroti,UG,2020-05-09 19:43:14,1.71,33.61,68.18,94,100,7.0,moderate rain,0.0,0.0
214,Presidencia Roque Saenz Pena,AR,2020-05-09 19:43:15,-26.79,-60.44,77.0,34,0,8.77,clear sky,0.0,0.0
215,Palenque,MX,2020-05-09 19:43:15,17.52,-91.97,94.23,47,99,7.54,overcast clouds,0.0,0.0
216,Pangody,RU,2020-05-09 19:43:15,65.85,74.49,32.88,93,12,7.34,few clouds,0.0,0.0
217,Tondela,PT,2020-05-09 19:43:15,40.52,-8.08,59.0,90,50,1.01,light rain,0.0,0.0
218,Porohy,UA,2020-05-09 19:43:16,48.69,24.26,47.98,85,4,4.21,clear sky,0.0,0.0
219,Lorengau,PG,2020-05-09 19:43:16,-2.02,147.27,82.24,76,3,4.99,clear sky,0.0,0.0
220,Jumla,NP,2020-05-09 19:43:16,29.27,82.18,48.92,64,76,2.28,broken clouds,0.0,0.0
221,Tautira,PF,2020-05-09 19:43:16,-17.73,-149.15,84.2,70,36,4.7,scattered clouds,0.0,0.0
222,Muhos,FI,2020-05-09 19:43:17,64.81,25.99,39.2,64,0,9.17,clear sky,0.0,0.0
223,Bandarbeyla,SO,2020-05-09 19:43:17,9.49,50.81,83.1,74,0,9.95,clear sky,0.0,0.0
224,Sitka,US,2020-05-09 19:43:17,57.05,-135.33,62.6,42,75,3.36,broken clouds,0.0,0.0
225,Nhulunbuy,AU,2020-05-09 19:43:17,-12.23,136.77,75.2,83,35,4.7,scattered clouds,0.0,0.0
226,Eureka,US,2020-05-09 19:43:18,40.8,-124.16,62.01,70,100,3.0,overcast clouds,0.0,0.0
227,Makasar,ID,2020-05-09 19:43:18,-5.14,119.42,75.2,100,20,2.24,few clouds,0.0,0.0
228,Namibe,AO,2020-05-09 19:38:41,-15.2,12.15,81.68,50,0,4.61,clear sky,0.0,0.0
229,Nelson Bay,AU,2020-05-09 19:43:18,-32.72,152.15,55.0,76,0,9.17,clear sky,0.0,0.0
230,Ulety,RU,2020-05-09 19:43:19,51.36,112.48,32.31,83,0,4.38,clear sky,0.0,0.0
231,Olafsvik,IS,2020-05-09 19:43:19,64.89,-23.71,37.83,69,0,1.12,clear sky,0.0,0.0
232,Chiredzi,ZW,2020-05-09 19:43:19,-21.05,31.67,61.83,78,0,4.68,clear sky,0.0,0.0
233,Lamar,US,2020-05-09 19:43:19,33.67,-95.58,71.01,40,1,5.82,clear sky,0.0,0.0
234,Sainte-Claire,CA,2020-05-09 19:43:20,46.6,-70.86,42.01,53,100,8.01,overcast clouds,0.0,0.0
235,Tselinnoye,RU,2020-05-09 19:43:20,53.08,85.67,50.22,48,0,8.66,clear sky,0.0,0.0
236,Vila Franca Do Campo,PT,2020-05-09 19:43:20,37.72,-25.43,62.6,93,75,25.28,broken clouds,0.0,0.0
237,Bridlington,GB,2020-05-09 19:43:20,54.08,-0.19,59.0,77,22,6.93,haze,0.0,0.0
238,Hay River,CA,2020-05-09 19:43:20,60.82,-115.8,30.2,80,75,8.05,broken clouds,0.0,0.0
239,Shache,CN,2020-05-09 19:43:20,38.42,77.24,65.12,47,100,14.29,light rain,0.0,0.0
240,Inverness,GB,2020-05-09 19:42:37,57.48,-4.22,45.0,93,100,10.29,light rain,0.0,0.0
241,Ostrovnoy,RU,2020-05-09 19:43:21,68.05,39.51,34.5,88,100,5.73,overcast clouds,0.0,0.0
242,Naron,ES,2020-05-09 19:43:21,43.52,-8.15,61.0,75,100,1.99,light rain,0.0,0.0
243,Ziro,IN,2020-05-09 19:43:21,27.63,93.83,49.48,100,0,2.39,clear sky,0.0,0.0
244,Anadyr,RU,2020-05-09 19:43:22,64.75,177.48,35.6,93,90,55.92,light rain,0.0,0.0
245,Iqaluit,CA,2020-05-09 19:43:22,63.75,-68.51,39.2,60,75,6.93,broken clouds,0.0,0.0
246,Imaculada,BR,2020-05-09 19:41:06,-7.39,-37.51,72.68,80,44,4.83,scattered clouds,0.0,0.0
247,Haikou,CN,2020-05-09 19:43:22,20.05,110.34,82.4,88,92,10.38,overcast clouds,0.0,0.0
248,Berlevag,NO,2020-05-09 19:43:22,70.86,29.09,32.52,89,100,6.85,overcast clouds,0.0,0.0
249,La Ronge,CA,2020-05-09 19:43:23,55.1,-105.28,44.6,30,20,8.05,few clouds,0.0,0.0
250,Ucluelet,CA,2020-05-09 19:39:06,48.93,-125.55,70.0,59,75,5.82,broken clouds,0.0,0.0
251,Hurghada,EG,2020-05-09 19:43:23,27.26,33.81,77.0,44,0,10.29,clear sky,0.0,0.0
252,Tumen,CN,2020-05-09 19:43:23,42.97,129.84,52.5,91,100,1.54,light rain,0.0,0.0
253,Svetlyy,RU,2020-05-09 19:43:23,54.67,20.13,46.4,81,8,4.47,clear sky,0.0,0.0
254,Tiarei,PF,2020-05-09 19:43:23,-17.53,-149.33,84.2,70,16,4.7,few clouds,0.0,0.0
255,Kiama,AU,2020-05-09 19:43:24,-34.68,150.87,51.01,66,0,10.0,clear sky,0.0,0.0
256,Izhma,RU,2020-05-09 19:43:24,65.01,53.91,42.69,83,88,4.45,overcast clouds,0.0,0.0
257,Broome,US,2020-05-09 19:43:24,42.25,-75.83,37.0,85,75,19.46,broken clouds,0.0,0.0
258,Udachnyy,RU,2020-05-09 19:43:24,66.42,112.4,32.0,98,90,8.95,light shower snow,0.0,0.0
259,Kungurtug,RU,2020-05-09 19:43:24,50.6,97.52,33.76,79,82,0.94,broken clouds,0.0,0.0
260,Pasighat,IN,2020-05-09 19:43:25,28.07,95.33,71.06,56,0,4.23,clear sky,0.0,0.0
261,Severo-Kurilsk,RU,2020-05-09 19:43:25,50.68,156.12,33.3,92,97,17.87,overcast clouds,0.0,0.0
262,Gushi,CN,2020-05-09 19:43:25,34.64,109.58,54.63,59,55,4.45,broken clouds,0.0,0.0
263,Guiratinga,BR,2020-05-09 19:43:25,-16.35,-53.76,80.2,66,34,3.65,scattered clouds,0.0,0.0
264,Bubaque,GW,2020-05-09 19:43:26,11.28,-15.83,77.41,80,1,14.99,clear sky,0.0,0.0
265,Buala,SB,2020-05-09 19:43:26,-8.14,159.59,81.61,81,37,5.19,light rain,0.0,0.0
266,Karasjok,NO,2020-05-09 19:43:26,69.47,25.51,33.8,47,11,12.75,few clouds,0.0,0.0
267,Upernavik,GL,2020-05-09 19:43:26,72.79,-56.15,20.77,92,100,10.36,overcast clouds,0.0,0.0
268,Ambanja,MG,2020-05-09 19:43:26,-13.68,48.45,74.95,88,91,3.27,overcast clouds,0.0,0.0
269,Amazar,RU,2020-05-09 19:43:27,53.86,120.88,31.33,85,56,4.72,broken clouds,0.0,0.0
270,Dandong,CN,2020-05-09 19:43:28,40.13,124.39,52.47,91,89,1.72,overcast clouds,0.0,0.0
271,Hami,CN,2020-05-09 19:43:28,42.8,93.45,56.32,34,0,7.4,clear sky,0.0,0.0
272,Porto Novo,BJ,2020-05-09 19:43:28,6.5,2.6,83.75,79,39,10.83,scattered clouds,0.0,0.0
273,Burnie,AU,2020-05-09 19:43:29,-41.07,145.92,46.0,79,3,11.99,clear sky,0.0,0.0
274,Vila,PT,2020-05-09 19:43:29,42.03,-8.16,53.01,94,24,3.56,few clouds,0.0,0.0
275,Komsomolskiy,UZ,2020-05-09 19:43:29,40.43,71.72,62.6,63,28,9.17,scattered clouds,0.0,0.0
276,Flinders,AU,2020-05-09 19:43:29,-34.58,150.86,51.01,66,0,4.0,clear sky,0.0,0.0
277,Sur,OM,2020-05-09 19:43:29,22.57,59.53,85.62,46,0,5.99,clear sky,0.0,0.0
278,Inuvik,CA,2020-05-09 19:43:29,68.35,-133.72,39.2,55,20,9.17,few clouds,0.0,0.0
279,Lagoa,PT,2020-05-09 19:43:30,39.05,-27.98,63.46,88,100,28.72,overcast clouds,0.0,0.0
280,Baillif,GP,2020-05-09 19:43:30,16.02,-61.75,84.2,62,75,14.99,broken clouds,0.0,0.0
281,Kavaratti,IN,2020-05-09 19:41:09,10.57,72.64,85.41,71,0,8.5,clear sky,0.0,0.0
282,Pio Ix,BR,2020-05-09 19:43:30,-6.84,-40.58,78.28,70,0,8.19,clear sky,0.0,0.0
283,Cerrito,CO,2020-05-09 19:43:21,6.84,-72.69,78.8,69,75,6.93,broken clouds,0.0,0.0
284,Jinxiang,CN,2020-05-09 19:43:31,22.86,115.7,79.5,89,35,8.99,scattered clouds,0.0,0.0
285,Kulmbach,DE,2020-05-09 19:43:31,50.1,11.45,60.01,85,100,5.53,light rain,0.0,0.0
286,Yarmouth,US,2020-05-09 19:43:31,41.71,-70.23,48.99,26,40,19.46,light rain,0.0,0.0
287,Mahajanga,MG,2020-05-09 19:43:32,-15.72,46.32,78.8,88,40,2.24,scattered clouds,0.0,0.0
288,Wagar,SD,2020-05-09 19:43:32,16.15,36.2,91.53,34,100,13.35,overcast clouds,0.0,0.0
289,Mehamn,NO,2020-05-09 19:43:32,71.04,27.85,30.94,90,87,5.7,overcast clouds,0.0,0.0
290,Great Malvern,GB,2020-05-09 19:43:32,52.11,-2.33,64.99,71,100,2.59,overcast clouds,0.0,0.0
291,Yinchuan,CN,2020-05-09 19:43:33,38.47,106.27,58.69,31,98,9.8,overcast clouds,0.0,0.0
292,Bagdarin,RU,2020-05-09 19:43:33,54.43,113.6,30.33,84,61,3.29,broken clouds,0.0,0.0
293,Samarkand,UZ,2020-05-09 19:43:33,39.65,66.96,62.6,72,0,6.93,clear sky,0.0,0.0
294,Labuhan,ID,2020-05-09 19:43:33,-6.88,112.21,77.36,85,100,7.72,moderate rain,0.0,0.0
295,Cockburn Town,TC,2020-05-09 19:43:33,21.46,-71.14,81.34,82,45,14.09,scattered clouds,0.0,0.0
296,Bathsheba,BB,2020-05-09 19:43:34,13.22,-59.52,86.0,58,40,23.04,shower rain,0.0,0.0
297,Aklavik,CA,2020-05-09 19:43:34,68.22,-135.01,41.0,56,20,16.11,few clouds,0.0,0.0
298,Plettenberg Bay,ZA,2020-05-09 19:43:34,-34.05,23.37,64.6,69,0,3.36,clear sky,0.0,0.0
299,Ardmore,US,2020-05-09 19:43:34,34.17,-97.14,69.8,40,40,8.05,scattered clouds,0.0,0.0
300,Nouadhibou,MR,2020-05-09 19:43:34,20.93,-17.03,67.69,76,0,25.55,clear sky,0.0,0.0
301,Achutupo,PA,2020-05-09 19:43:34,9.2,-77.98,84.25,79,100,6.04,light rain,0.0,0.0
302,Omboue,GA,2020-05-09 19:43:35,-1.57,9.26,77.67,85,73,4.27,broken clouds,0.0,0.0
303,Vestmannaeyjar,IS,2020-05-09 19:43:35,63.44,-20.27,39.2,69,40,9.17,scattered clouds,0.0,0.0
304,Paamiut,GL,2020-05-09 19:43:35,61.99,-49.67,42.35,65,74,6.8,broken clouds,0.0,0.0
305,Riverton,US,2020-05-09 19:43:35,40.52,-111.94,72.0,28,1,3.36,clear sky,0.0,0.0
306,Ilulissat,GL,2020-05-09 19:43:36,69.22,-51.1,33.8,74,75,4.7,broken clouds,0.0,0.0
307,Pevek,RU,2020-05-09 19:43:36,69.7,170.31,38.25,74,100,7.9,overcast clouds,0.0,0.0
308,Tuy Hoa,VN,2020-05-09 19:43:36,13.08,109.3,77.34,88,23,3.83,few clouds,0.0,0.0
309,Misratah,LY,2020-05-09 19:43:36,32.38,15.09,68.11,68,0,19.89,clear sky,0.0,0.0
310,Taltal,CL,2020-05-09 19:43:01,-25.4,-70.48,66.92,58,76,6.26,broken clouds,0.0,0.0
311,Coquimbo,CL,2020-05-09 19:43:37,-29.95,-71.34,57.2,82,90,8.05,overcast clouds,0.0,0.0
312,Vanavara,RU,2020-05-09 19:43:37,60.34,102.28,53.13,84,100,14.97,overcast clouds,0.0,0.0
313,Zenzeli,RU,2020-05-09 19:43:37,45.92,47.05,56.68,69,100,10.98,overcast clouds,0.0,0.0
314,Nome,US,2020-05-09 19:43:37,64.5,-165.41,44.6,65,1,19.46,clear sky,0.0,0.0
315,Nsanje,MW,2020-05-09 19:43:38,-16.92,35.26,66.0,93,61,2.66,broken clouds,0.0,0.0
316,Saint Anthony,US,2020-05-09 19:43:38,45.02,-93.22,60.01,28,20,13.87,few clouds,0.0,0.0
317,Socorro,US,2020-05-09 19:41:59,31.65,-106.3,81.0,17,5,1.97,clear sky,0.0,0.0
318,Kysyl-Syr,RU,2020-05-09 19:43:38,63.9,122.76,16.9,96,1,4.65,clear sky,0.0,0.0
319,Huron,US,2020-05-09 19:43:38,41.15,-82.55,45.0,45,100,11.01,overcast clouds,0.0,0.0
320,Sao Pedro Do Sul,BR,2020-05-09 19:43:38,-29.62,-54.18,68.86,54,0,3.56,clear sky,0.0,0.0
321,Bonaberi,CM,2020-05-09 19:43:39,4.08,9.68,77.0,94,75,1.12,thunderstorm,0.0,0.0
322,Namatanai,PG,2020-05-09 19:43:39,-3.67,152.43,80.26,82,7,5.55,clear sky,0.0,0.0
323,Collie,AU,2020-05-09 19:43:39,-33.37,116.15,41.0,72,0,3.38,clear sky,0.0,0.0
324,Ipu,BR,2020-05-09 19:43:39,-4.32,-40.71,78.84,82,17,3.15,light rain,0.0,0.0
325,Los Llanos De Aridane,ES,2020-05-09 19:43:39,28.66,-17.92,69.8,73,20,20.8,few clouds,0.0,0.0
326,Whitehorse,CA,2020-05-09 19:43:40,60.72,-135.05,64.4,27,20,19.46,few clouds,0.0,0.0
327,Ewa Beach,US,2020-05-09 19:43:40,21.32,-158.01,80.6,54,1,5.82,clear sky,0.0,0.0
328,Havre,FR,2020-05-09 19:43:40,49.58,0.33,62.6,77,100,8.05,light rain,0.0,0.0
329,Bonthe,SL,2020-05-09 19:43:40,7.53,-12.51,81.55,86,100,7.78,light rain,0.0,0.0
330,Cetraro,IT,2020-05-09 19:43:40,39.52,15.94,61.0,73,50,1.79,scattered clouds,0.0,0.0
331,Viransehir,TR,2020-05-09 19:43:41,37.24,39.76,58.28,76,55,20.8,light rain,0.0,0.0
332,Patitirion,GR,2020-05-09 19:43:41,39.15,23.87,63.0,51,2,3.0,clear sky,0.0,0.0
333,Morro Bay,US,2020-05-09 19:42:09,35.37,-120.85,81.0,55,0,3.0,clear sky,0.0,0.0
334,Amapa,BR,2020-05-09 19:43:41,1.0,-52.0,81.46,92,52,2.37,light rain,0.0,0.0
335,Kristianstad,SE,2020-05-09 19:43:42,56.03,14.15,57.2,58,0,4.7,clear sky,0.0,0.0
336,Zamora,EC,2020-05-09 19:43:42,-4.07,-78.96,84.2,42,20,17.22,few clouds,0.0,0.0
337,Huarmey,PE,2020-05-09 19:43:42,-10.07,-78.15,73.8,68,25,10.92,scattered clouds,0.0,0.0
338,Yerbogachen,RU,2020-05-09 19:43:42,61.28,108.01,46.44,91,100,10.67,moderate rain,0.0,0.0
339,Iranshahr,IR,2020-05-09 19:43:42,27.2,60.68,87.8,8,8,6.93,clear sky,0.0,0.0
340,Mezimesti,CZ,2020-05-09 19:43:43,50.62,16.24,55.99,72,100,1.86,overcast clouds,0.0,0.0
341,Payson,US,2020-05-09 19:43:43,40.04,-111.73,66.2,20,1,8.05,clear sky,0.0,0.0
342,Awjilah,LY,2020-05-09 19:43:43,29.11,21.29,71.15,21,55,7.27,broken clouds,0.0,0.0
343,Soanierana Ivongo,MG,2020-05-09 19:43:43,-16.92,49.58,72.93,86,62,7.83,light rain,0.0,0.0
344,Hasaki,JP,2020-05-09 19:43:43,35.73,140.83,64.4,82,75,5.82,broken clouds,0.0,0.0
345,Okhotsk,RU,2020-05-09 19:43:44,59.38,143.3,34.66,85,0,11.54,clear sky,0.0,0.0
346,Buluang,PH,2020-05-09 19:43:44,13.31,123.34,76.89,91,77,2.46,broken clouds,0.0,0.0
347,Tucuman,AR,2020-05-09 19:43:44,-26.82,-65.22,75.2,50,0,3.36,clear sky,0.0,0.0
348,Syedove,UA,2020-05-09 19:39:23,47.08,38.16,54.0,100,79,8.99,broken clouds,0.0,0.0
349,Rosario Oeste,BR,2020-05-09 19:43:44,-14.84,-56.43,83.53,62,100,1.86,overcast clouds,0.0,0.0
350,Chingola,ZM,2020-05-09 19:43:45,-12.53,27.88,58.5,67,25,6.53,scattered clouds,0.0,0.0
351,Sulphur,US,2020-05-09 19:43:45,30.24,-93.38,68.0,49,90,11.41,overcast clouds,0.0,0.0
352,Sibolga,ID,2020-05-09 19:43:45,1.74,98.78,77.85,83,100,3.31,overcast clouds,0.0,0.0
353,Kaithal,IN,2020-05-09 19:43:45,29.8,76.38,89.6,25,97,4.54,overcast clouds,0.0,0.0
354,Nuuk,GL,2020-05-09 19:43:45,64.18,-51.72,44.6,52,40,6.93,scattered clouds,0.0,0.0
355,Deputatskiy,RU,2020-05-09 19:43:46,69.3,139.9,26.92,99,100,3.38,overcast clouds,0.0,0.0
356,Okha,RU,2020-05-09 19:43:46,53.57,142.95,30.56,97,99,10.96,overcast clouds,0.0,0.0
357,Bonito,BR,2020-05-09 19:43:46,-21.12,-56.48,77.74,46,0,3.98,clear sky,0.0,0.0
358,Cayenne,GF,2020-05-09 19:43:46,4.93,-52.33,77.0,100,75,8.05,light rain,0.0,0.0
359,Bac Lieu,VN,2020-05-09 19:43:46,9.29,105.72,83.75,78,100,8.68,overcast clouds,0.0,0.0
360,Port Lincoln,AU,2020-05-09 19:43:47,-34.73,135.87,53.78,68,1,8.19,clear sky,0.0,0.0
361,Pangnirtung,CA,2020-05-09 19:43:47,66.15,-65.71,32.0,85,90,12.75,overcast clouds,0.0,0.0
362,Mocuba,MZ,2020-05-09 19:43:47,-16.84,36.99,66.85,95,75,4.25,broken clouds,0.0,0.0
363,Hobyo,SO,2020-05-09 19:43:47,5.35,48.53,84.74,74,18,11.05,few clouds,0.0,0.0
364,Chumikan,RU,2020-05-09 19:43:47,54.72,135.31,34.63,88,2,2.04,clear sky,0.0,0.0
365,Geraldton,AU,2020-05-09 19:43:47,-28.77,114.6,62.6,42,96,12.75,overcast clouds,0.0,0.0
366,Blackwater,AU,2020-05-09 19:40:45,-23.58,148.88,60.94,87,60,2.24,broken clouds,0.0,0.0
367,Dunedin,NZ,2020-05-09 19:43:48,-45.87,170.5,55.0,96,78,3.0,broken clouds,0.0,0.0
368,Gilgit,PK,2020-05-09 19:43:48,35.92,74.31,61.09,43,100,6.2,light rain,0.0,0.0
369,Norman Wells,CA,2020-05-09 19:43:48,65.28,-126.83,44.6,52,5,18.34,clear sky,0.0,0.0
370,Sovetskaya Gavan,RU,2020-05-09 19:43:49,48.97,140.29,38.1,78,100,1.72,overcast clouds,0.0,0.0
371,Navoi,UZ,2020-05-09 19:43:49,40.08,65.38,66.2,59,0,9.17,clear sky,0.0,0.0
372,Puerto Escondido,MX,2020-05-09 19:43:49,15.85,-97.07,86.0,70,20,7.67,few clouds,0.0,0.0
373,Soyo,AO,2020-05-09 19:43:49,-6.13,12.37,79.93,90,64,4.9,broken clouds,0.0,0.0
374,Matay,EG,2020-05-09 19:43:49,28.42,30.78,69.98,50,0,17.49,clear sky,0.0,0.0
375,Bodden Town,KY,2020-05-09 19:43:50,19.28,-81.25,87.8,79,20,6.93,few clouds,0.0,0.0
376,Chilca,PE,2020-05-09 19:43:50,-12.52,-76.74,75.2,60,4,21.92,clear sky,0.0,0.0
377,Sydney,AU,2020-05-09 19:41:56,-33.87,151.21,55.4,47,0,17.22,clear sky,0.0,0.0
378,Tilichiki,RU,2020-05-09 19:43:50,60.47,166.1,32.11,98,100,10.56,overcast clouds,0.0,0.0
379,Nurota,UZ,2020-05-09 19:43:50,40.56,65.69,66.2,59,0,9.17,clear sky,0.0,0.0
380,Guerrero Negro,MX,2020-05-09 19:43:50,27.98,-114.06,77.54,44,0,11.07,clear sky,0.0,0.0
381,Viedma,AR,2020-05-09 19:41:05,-40.81,-63.0,68.68,27,0,17.2,clear sky,0.0,0.0
382,Havre-Saint-Pierre,CA,2020-05-09 19:43:51,50.23,-63.6,41.0,75,1,10.29,clear sky,0.0,0.0
383,Talagang,PK,2020-05-09 19:43:51,32.93,72.42,83.71,36,9,5.79,clear sky,0.0,0.0
384,Fortuna,US,2020-05-09 19:43:51,40.6,-124.16,64.99,82,20,10.29,few clouds,0.0,0.0
385,Colac,AU,2020-05-09 19:43:52,-38.33,143.58,39.99,97,58,6.35,broken clouds,0.0,0.0
386,Whakatane,NZ,2020-05-09 19:39:49,-37.96,176.99,48.99,99,7,1.99,clear sky,0.0,0.0
387,Bozoum,CF,2020-05-09 19:43:52,6.32,16.38,70.48,92,76,4.21,broken clouds,0.0,0.0
388,Cidreira,BR,2020-05-09 19:43:52,-30.18,-50.21,66.47,68,0,7.49,clear sky,0.0,0.0
389,Vangaindrano,MG,2020-05-09 19:43:52,-23.35,47.6,66.6,84,43,4.07,scattered clouds,0.0,0.0
390,Qaanaaq,GL,2020-05-09 19:43:52,77.48,-69.36,12.61,86,10,3.11,clear sky,0.0,0.0
391,Gat,IL,2020-05-09 19:43:53,31.61,34.76,66.99,75,1,6.26,clear sky,0.0,0.0
392,Lazaro Cardenas,MX,2020-05-09 19:43:53,17.96,-102.2,87.37,54,0,10.83,clear sky,0.0,0.0
393,Boende,CD,2020-05-09 19:43:54,-0.22,20.87,73.27,96,100,3.6,overcast clouds,0.0,0.0
394,Minas,UY,2020-05-09 19:43:54,-34.38,-55.24,69.8,43,99,11.41,overcast clouds,0.0,0.0
395,Creel,MX,2020-05-09 19:43:54,27.75,-107.63,70.77,26,17,7.43,few clouds,0.0,0.0
396,Odienne,CI,2020-05-09 19:43:54,9.51,-7.57,84.24,54,5,4.74,clear sky,0.0,0.0
397,Kiruna,SE,2020-05-09 19:43:55,67.86,20.23,30.2,54,40,6.93,scattered clouds,0.0,0.0
398,Virginia Beach,US,2020-05-09 19:40:01,36.85,-75.98,57.0,35,40,10.29,scattered clouds,0.0,0.0
399,Gizo,SB,2020-05-09 19:43:55,-8.1,156.84,82.72,82,66,15.43,moderate rain,0.0,0.0
400,Pochutla,MX,2020-05-09 19:43:55,15.74,-96.47,93.0,52,20,7.27,few clouds,0.0,0.0
401,Synya,RU,2020-05-09 19:43:56,65.37,58.04,43.66,83,100,3.29,light rain,0.0,0.0
402,Ibra,OM,2020-05-09 19:43:56,22.69,58.53,83.48,29,0,4.59,clear sky,0.0,0.0
403,Mosetse,BW,2020-05-09 19:43:56,-20.75,26.65,63.43,51,0,16.75,clear sky,0.0,0.0
404,Les Cayes,HT,2020-05-09 19:43:56,18.2,-73.75,84.63,69,100,13.49,overcast clouds,0.0,0.0
405,Qurayyat,SA,2020-05-09 19:42:39,31.33,37.34,68.0,45,0,23.04,clear sky,0.0,0.0
406,Medina,SA,2020-05-09 19:43:57,24.47,39.61,87.8,40,40,5.82,scattered clouds,0.0,0.0
407,Marzuq,YE,2020-05-09 19:43:57,14.4,46.47,79.25,30,43,5.1,scattered clouds,0.0,0.0
408,Faanui,PF,2020-05-09 19:43:57,-16.48,-151.75,81.75,81,30,18.21,scattered clouds,0.0,0.0
409,Kingman,US,2020-05-09 19:43:58,35.19,-114.05,89.6,11,1,17.22,clear sky,0.0,0.0
410,Hualmay,PE,2020-05-09 19:43:58,-11.1,-77.61,71.92,71,21,11.03,few clouds,0.0,0.0
411,Sangar,RU,2020-05-09 19:43:58,63.92,127.47,19.45,96,81,5.59,broken clouds,0.0,0.0
412,Gull Lake,CA,2020-05-09 19:43:58,50.1,-108.48,41.0,80,90,6.93,overcast clouds,0.0,0.0
413,Bonfim,BR,2020-05-09 19:43:58,3.08,-59.95,89.78,52,97,7.05,overcast clouds,0.0,0.0
414,Chapais,CA,2020-05-09 19:43:59,49.78,-74.85,28.4,63,90,11.41,light snow,0.0,0.0
415,Makat,KZ,2020-05-09 19:43:59,47.65,53.35,62.37,54,100,17.56,overcast clouds,0.0,0.0
416,Grand Gaube,MU,2020-05-09 19:43:59,-20.01,57.66,71.01,80,0,3.0,clear sky,0.0,0.0
417,Hovd,MN,2020-05-09 19:43:59,48.01,91.64,42.49,51,0,0.36,clear sky,0.0,0.0
418,Nizwa,OM,2020-05-09 19:44:00,22.93,57.53,82.58,22,0,1.83,clear sky,0.0,0.0
419,Sao Filipe,CV,2020-05-09 19:44:00,14.9,-24.5,75.79,71,100,10.96,overcast clouds,0.0,0.0
420,North Vanlaiphai,IN,2020-05-09 19:44:00,23.13,93.07,57.9,76,0,2.42,clear sky,0.0,0.0
421,Corner Brook,CA,2020-05-09 19:44:00,48.97,-57.95,42.8,70,90,9.17,light rain,0.0,0.0
422,Narsaq,GL,2020-05-09 19:44:00,60.92,-46.05,53.6,20,20,23.04,few clouds,0.0,0.0
423,Stornoway,GB,2020-05-09 19:44:01,58.21,-6.39,44.6,70,77,18.34,broken clouds,0.0,0.0
424,Tongren,CN,2020-05-09 19:44:01,27.72,109.19,64.0,86,82,5.57,light rain,0.0,0.0
425,Denpasar,ID,2020-05-09 19:44:01,-8.65,115.22,80.6,100,20,8.05,few clouds,0.0,0.0
426,Rezina,MD,2020-05-09 19:44:01,47.75,28.96,51.71,68,11,2.33,few clouds,0.0,0.0
427,Skibbereen,IE,2020-05-09 19:44:02,51.55,-9.27,64.4,63,20,1.12,few clouds,0.0,0.0
428,Ostrovskoye,RU,2020-05-09 19:44:02,57.81,42.24,49.26,92,90,8.66,overcast clouds,0.0,0.0
429,Blagoyevo,RU,2020-05-09 19:44:02,63.37,47.92,44.11,86,38,2.48,scattered clouds,0.0,0.0
430,Kilindoni,TZ,2020-05-09 19:44:02,-7.91,39.67,80.62,78,34,17.22,light rain,0.0,0.0
431,Mikhaylovka,RU,2020-05-09 19:44:03,50.06,43.24,48.0,90,46,10.02,scattered clouds,0.0,0.0
432,Itanhem,BR,2020-05-09 19:44:03,-17.17,-40.33,68.16,82,48,9.17,scattered clouds,0.0,0.0
433,Pambujan,PH,2020-05-09 19:44:03,12.56,124.93,77.97,89,100,3.38,overcast clouds,0.0,0.0
434,Manado,ID,2020-05-09 19:41:14,1.49,124.85,73.4,100,20,1.12,few clouds,0.0,0.0
435,Ubinskoye,RU,2020-05-09 19:44:04,55.31,79.68,59.68,58,0,3.0,clear sky,0.0,0.0
436,Dali,CN,2020-05-09 19:44:04,25.7,100.18,56.77,59,0,4.59,clear sky,0.0,0.0
437,Flin Flon,CA,2020-05-09 19:44:04,54.77,-101.86,41.0,32,40,9.17,scattered clouds,0.0,0.0
438,Avera,US,2020-05-09 19:44:04,33.19,-82.53,68.0,34,1,3.36,clear sky,0.0,0.0
439,Scarborough,GB,2020-05-09 19:44:05,54.28,-0.4,57.99,75,4,4.97,clear sky,0.0,0.0
440,Lyubar,UA,2020-05-09 19:44:05,49.92,27.76,49.3,79,1,5.41,clear sky,0.0,0.0
441,Brae,GB,2020-05-09 19:44:05,60.4,-1.35,37.4,86,51,24.16,light rain,0.0,0.0
442,Nayagarh,IN,2020-05-09 19:44:05,20.13,85.1,82.74,73,0,3.33,clear sky,0.0,0.0
443,Save,BJ,2020-05-09 19:44:05,8.04,2.49,80.31,80,39,12.48,light rain,0.0,0.0
444,Mayumba,GA,2020-05-09 19:44:06,-3.43,10.66,79.3,88,76,2.46,broken clouds,0.0,0.0
445,Narasannapeta,IN,2020-05-09 19:44:06,18.42,84.05,83.1,82,0,9.6,clear sky,0.0,0.0
446,Kuching,MY,2020-05-09 19:44:06,1.55,110.33,77.0,94,20,1.86,few clouds,0.0,0.0
447,Popondetta,PG,2020-05-09 19:44:06,-8.75,148.25,73.92,91,100,2.46,overcast clouds,0.0,0.0
448,Muros,ES,2020-05-09 19:44:07,42.78,-9.06,60.01,85,73,5.01,broken clouds,0.0,0.0
449,Adelaide,AU,2020-05-09 19:39:14,-34.93,138.6,51.01,87,75,5.82,broken clouds,0.0,0.0
450,Eyl,SO,2020-05-09 19:44:07,7.98,49.82,84.11,73,0,8.88,clear sky,0.0,0.0
451,Cap Malheureux,MU,2020-05-09 19:44:07,-19.98,57.61,71.01,80,0,1.99,clear sky,0.0,0.0
452,Taunggyi,MM,2020-05-09 19:44:08,20.78,97.03,67.96,65,0,0.89,clear sky,0.0,0.0
453,El Dorado,US,2020-05-09 19:44:08,33.21,-92.67,66.2,42,1,5.82,clear sky,0.0,0.0
454,Honggang,CN,2020-05-09 19:44:08,46.47,124.87,54.88,48,0,6.4,clear sky,0.0,0.0
455,Broken Hill,AU,2020-05-09 19:44:08,-31.95,141.43,42.8,81,0,4.7,clear sky,0.0,0.0
456,Kulhudhuffushi,MV,2020-05-09 19:44:09,6.62,73.07,80.29,87,100,5.37,light rain,0.0,0.0
457,Sinop,TR,2020-05-09 19:44:09,41.77,34.87,42.37,63,0,3.36,clear sky,0.0,0.0
458,Jeremie,HT,2020-05-09 19:44:09,18.65,-74.12,84.97,64,100,2.51,overcast clouds,0.0,0.0
459,Heihe,CN,2020-05-09 19:44:09,50.24,127.49,39.2,86,20,2.24,few clouds,0.0,0.0
460,Lumut,MY,2020-05-09 19:44:10,4.23,100.63,78.8,94,40,1.12,scattered clouds,0.0,0.0
461,Tual,ID,2020-05-09 19:44:10,-5.67,132.75,82.99,79,8,18.1,clear sky,0.0,0.0
462,Ahipara,NZ,2020-05-09 19:44:11,-35.17,173.17,58.12,80,96,5.23,overcast clouds,0.0,0.0
463,Iracoubo,GF,2020-05-09 19:44:11,5.48,-53.2,80.44,81,98,11.92,light rain,0.0,0.0
464,Ulcinj,ME,2020-05-09 19:44:11,41.93,19.22,62.6,39,14,4.7,few clouds,0.0,0.0
465,Sao Felix Do Xingu,BR,2020-05-09 19:44:11,-6.64,-51.99,82.31,80,79,3.98,light rain,0.0,0.0
466,Lasa,IT,2020-05-09 19:44:12,46.62,10.7,57.2,76,40,4.7,scattered clouds,0.0,0.0
467,Zabol,AF,2020-05-09 19:44:12,32.25,67.25,64.33,25,0,10.25,clear sky,0.0,0.0
468,Sinnamary,GF,2020-05-09 19:44:12,5.38,-52.95,80.76,81,97,12.24,light rain,0.0,0.0
469,Santa Helena De Goias,BR,2020-05-09 19:44:12,-17.81,-50.6,77.97,63,0,3.83,clear sky,0.0,0.0
470,Egvekinot,RU,2020-05-09 19:44:13,66.32,-179.17,31.15,96,100,12.75,overcast clouds,0.0,0.0
471,Ust-Ilimsk,RU,2020-05-09 19:44:13,58.0,102.66,46.42,86,100,11.7,light rain,0.0,0.0
472,Libertador General San Martin,AR,2020-05-09 19:44:13,-23.81,-64.79,74.86,41,0,5.32,clear sky,0.0,0.0
473,Yuryevets,RU,2020-05-09 19:44:13,57.32,43.1,49.28,97,100,10.87,overcast clouds,0.0,0.0
474,Abu Samrah,SY,2020-05-09 19:44:13,35.3,37.18,60.98,64,0,21.12,clear sky,0.0,0.0
475,Zeya,RU,2020-05-09 19:44:14,53.75,127.27,39.16,70,100,5.21,overcast clouds,0.0,0.0
476,Samarai,PG,2020-05-09 19:44:14,-10.62,150.67,79.77,81,99,15.39,overcast clouds,0.0,0.0
477,Soe,ID,2020-05-09 19:44:14,-9.86,124.28,63.91,100,29,3.4,scattered clouds,0.0,0.0
478,Ust-Omchug,RU,2020-05-09 19:44:14,61.15,149.63,21.69,95,86,6.15,overcast clouds,0.0,0.0
479,Vao,NC,2020-05-09 19:44:14,-22.67,167.48,72.09,75,6,14.03,clear sky,0.0,0.0
480,Nikel,RU,2020-05-09 19:44:14,69.41,30.22,33.8,74,20,5.82,few clouds,0.0,0.0
481,Laishevo,RU,2020-05-09 19:44:15,55.4,49.55,66.2,37,97,11.18,overcast clouds,0.0,0.0
482,Bandipur,NP,2020-05-09 19:44:15,27.93,84.42,65.95,55,0,3.56,clear sky,0.0,0.0
483,Atasu,KZ,2020-05-09 19:44:15,48.68,71.64,56.68,61,76,4.0,broken clouds,0.0,0.0
484,Bonnyville,CA,2020-05-09 19:41:40,54.27,-110.73,42.8,56,90,12.75,overcast clouds,0.0,0.0
485,Skibotn,NO,2020-05-09 19:44:15,69.39,20.27,33.8,59,20,19.46,few clouds,0.0,0.0
486,Ola,RU,2020-05-09 19:44:16,59.58,151.28,34.75,81,42,8.63,scattered clouds,0.0,0.0
487,Vostok,RU,2020-05-09 19:44:16,46.49,135.88,45.03,96,100,3.27,light rain,0.0,0.0
488,Mwandiga,TZ,2020-05-09 19:44:16,-4.83,29.66,75.2,83,75,3.4,broken clouds,0.0,0.0
489,Bantry,IE,2020-05-09 19:44:16,51.68,-9.45,64.4,63,20,1.12,few clouds,0.0,0.0
490,Cortez,US,2020-05-09 19:44:16,37.35,-108.59,75.2,8,1,8.05,clear sky,0.0,0.0
491,Verkhoyansk,RU,2020-05-09 19:44:17,67.54,133.38,26.74,95,100,1.59,overcast clouds,0.0,0.0
492,Puksoozero,RU,2020-05-09 19:44:17,62.59,40.61,43.48,84,57,3.6,broken clouds,0.0,0.0
493,Torva,EE,2020-05-09 19:44:17,58.0,25.93,50.0,53,94,3.36,overcast clouds,0.0,0.0
494,Sechura,PE,2020-05-09 19:44:17,-5.56,-80.82,80.64,59,54,13.47,broken clouds,0.0,0.0
495,Vagur,FO,2020-05-09 19:44:18,61.47,-6.81,35.1,80,66,28.07,broken clouds,0.0,0.0
496,Sept-Iles,CA,2020-05-09 19:44:18,50.2,-66.38,42.8,56,75,10.29,broken clouds,0.0,0.0
497,Korla,CN,2020-05-09 19:44:18,41.76,86.15,66.24,25,37,5.46,scattered clouds,0.0,0.0
498,Batagay,RU,2020-05-09 19:44:18,67.63,134.63,26.96,97,99,2.37,overcast clouds,0.0,0.0
499,Leirvik,NO,2020-05-09 19:44:18,59.78,5.5,41.0,89,100,7.0,light rain,0.0,0.0
500,Kupang,ID,2020-05-09 19:44:19,-10.17,123.58,77.23,80,12,10.92,few clouds,0.0,0.0
501,Frederikshavn,DK,2020-05-09 19:44:19,57.44,10.54,51.01,72,34,9.73,scattered clouds,0.0,0.0
502,Chimbote,PE,2020-05-09 19:44:19,-9.09,-78.58,72.37,74,61,11.01,broken clouds,0.0,0.0
503,Two Hills,CA,2020-05-09 19:44:19,53.72,-111.75,45.7,58,100,11.92,overcast clouds,0.0,0.0
504,Mnogovershinnyy,RU,2020-05-09 19:44:20,53.94,139.92,29.93,95,0,4.32,clear sky,0.0,0.0
505,Daru,PG,2020-05-09 19:44:20,-9.08,143.21,80.13,85,99,14.09,light rain,0.0,0.0
506,Sale,MA,2020-05-09 19:44:20,34.04,-6.82,66.2,72,75,5.82,broken clouds,0.0,0.0
507,Roald,NO,2020-05-09 19:44:20,62.58,6.13,37.99,81,99,14.99,light snow,0.0,0.0
508,Znamenskoye,RU,2020-05-09 19:44:20,57.13,73.83,59.65,50,0,4.54,clear sky,0.0,0.0
509,Noumea,NC,2020-05-09 19:44:21,-22.28,166.46,70.0,93,75,2.24,broken clouds,0.0,0.0
510,Kurilsk,RU,2020-05-09 19:44:21,45.23,147.88,40.64,80,100,1.99,overcast clouds,0.0,0.0
511,Lavrentiya,RU,2020-05-09 19:44:22,65.58,-171.0,35.44,90,100,10.8,overcast clouds,0.0,0.0
512,Singkang,MY,2020-05-09 19:44:22,2.1,102.8,80.6,88,20,2.24,few clouds,0.0,0.0
513,Vaitape,PF,2020-05-09 19:44:22,-16.52,-151.75,82.56,80,31,18.28,scattered clouds,0.0,0.0
514,Roma,US,2020-05-09 19:44:04,43.21,-75.46,35.6,51,90,19.46,light snow,0.0,0.0
515,Martapura,ID,2020-05-09 19:44:22,-3.42,114.85,77.0,100,90,4.7,overcast clouds,0.0,0.0
516,Makokou,GA,2020-05-09 19:44:23,0.57,12.86,73.09,89,96,1.01,light rain,0.0,0.0
517,Emporia,US,2020-05-09 19:44:23,38.4,-96.18,57.2,35,75,9.78,broken clouds,0.0,0.0
518,Xining,CN,2020-05-09 19:44:23,36.62,101.77,41.79,62,27,3.85,scattered clouds,0.0,0.0
519,Petrovac,RS,2020-05-09 19:44:23,44.38,21.42,60.01,66,8,3.89,clear sky,0.0,0.0
520,Port Moresby,PG,2020-05-09 19:44:23,-9.44,147.18,77.0,94,75,5.82,broken clouds,0.0,0.0
521,Imbituba,BR,2020-05-09 19:40:54,-28.24,-48.67,73.4,56,0,16.11,clear sky,0.0,0.0
522,San Lawrenz,MT,2020-05-09 19:44:24,36.06,14.2,64.0,88,99,13.87,overcast clouds,0.0,0.0
523,Morant Bay,JM,2020-05-09 19:44:24,17.88,-76.41,87.8,66,20,31.09,few clouds,0.0,0.0
524,Port Augusta,AU,2020-05-09 19:44:24,-32.5,137.77,42.8,93,0,6.93,clear sky,0.0,0.0
525,Moerai,PF,2020-05-09 19:44:24,-22.43,-151.33,77.09,70,0,6.8,clear sky,0.0,0.0
526,Henties Bay,NA,2020-05-09 19:44:24,-22.12,14.28,69.82,52,0,9.64,clear sky,0.0,0.0
527,Posse,BR,2020-05-09 19:44:24,-14.09,-46.37,70.14,78,99,8.05,overcast clouds,0.0,0.0
528,Coihaique,CL,2020-05-09 19:44:25,-45.58,-72.07,48.2,81,75,4.7,light intensity shower rain,0.0,0.0
529,Kendari,ID,2020-05-09 19:44:25,-3.94,122.5,72.68,92,100,4.07,overcast clouds,0.0,0.0
530,Selikhino,RU,2020-05-09 19:44:25,50.37,137.5,43.75,65,100,6.2,overcast clouds,0.0,0.0
531,Aspindza,GE,2020-05-09 19:44:25,41.57,43.25,45.34,81,100,2.66,overcast clouds,0.0,0.0
532,Havoysund,NO,2020-05-09 19:44:25,71.0,24.66,33.8,59,93,13.87,overcast clouds,0.0,0.0
533,Phonhong,LA,2020-05-09 19:44:26,18.5,102.42,76.08,90,100,3.06,light rain,0.0,0.0
534,Agirish,RU,2020-05-09 19:44:26,61.92,63.02,59.4,54,49,6.53,scattered clouds,0.0,0.0
535,Araripe,BR,2020-05-09 19:44:26,-7.21,-40.05,73.83,80,27,6.31,scattered clouds,0.0,0.0
536,Venado,MX,2020-05-09 19:44:26,22.93,-101.08,73.94,43,41,8.21,light rain,0.0,0.0
537,Champerico,GT,2020-05-09 19:44:26,14.3,-91.92,93.2,52,40,6.93,scattered clouds,0.0,0.0
538,Ikskile,LV,2020-05-09 19:44:27,56.83,24.5,48.99,81,0,6.93,clear sky,0.0,0.0
539,Qasigiannguit,GL,2020-05-09 19:44:27,68.82,-51.19,33.8,74,75,4.7,broken clouds,0.0,0.0
540,Saint-Augustin,CA,2020-05-09 19:44:27,51.23,-58.65,37.72,82,96,10.22,overcast clouds,0.0,0.0
541,Kassala,SD,2020-05-09 19:44:27,15.45,36.4,88.29,15,97,5.99,overcast clouds,0.0,0.0
542,Mumford,GH,2020-05-09 19:44:27,5.26,-0.76,82.4,85,5,12.86,clear sky,0.0,0.0
543,Moshi,TZ,2020-05-09 19:44:27,-3.35,37.33,69.8,94,75,2.08,broken clouds,0.0,0.0
544,Gravdal,NO,2020-05-09 19:44:28,68.12,13.5,33.71,81,80,11.21,broken clouds,0.0,0.0
545,Dolores,AR,2020-05-09 19:44:28,-36.31,-57.68,62.49,63,0,9.35,clear sky,0.0,0.0
546,Luwuk,ID,2020-05-09 19:44:28,-0.95,122.79,78.8,82,100,6.93,light rain,0.0,0.0
547,Zhigansk,RU,2020-05-09 19:44:28,66.77,123.37,12.61,96,29,8.34,scattered clouds,0.0,0.0
548,Sao Joao Da Barra,BR,2020-05-09 19:44:28,-21.64,-41.05,77.0,57,40,11.41,scattered clouds,0.0,0.0
549,Leningradskiy,RU,2020-05-09 19:44:28,69.38,178.42,24.08,96,100,6.91,overcast clouds,0.0,0.0
550,Cherskiy,RU,2020-05-09 19:44:29,68.75,161.3,38.1,76,100,7.52,overcast clouds,0.0,0.0
551,Asheville,US,2020-05-09 19:44:29,35.6,-82.55,55.4,30,1,11.41,clear sky,0.0,0.0
552,Fort Nelson,CA,2020-05-09 19:44:29,58.81,-122.7,53.6,32,40,8.05,scattered clouds,0.0,0.0
553,Youhao,CN,2020-05-09 19:44:29,47.87,128.83,44.33,90,84,2.53,broken clouds,0.0,0.0
554,Padang,ID,2020-05-09 19:44:29,-0.95,100.35,79.0,72,89,3.56,overcast clouds,0.0,0.0
555,La Serena,CL,2020-05-09 19:44:30,-29.91,-71.25,57.2,82,90,8.05,overcast clouds,0.0,0.0
556,Changping,CN,2020-05-09 19:44:30,40.22,116.22,68.0,93,0,2.24,mist,0.0,0.0
557,Hamilton,US,2020-05-09 19:41:45,39.18,-84.53,55.99,30,1,4.7,clear sky,0.0,0.0
558,La Libertad,EC,2020-05-09 19:44:30,-2.23,-80.9,82.4,69,24,4.7,few clouds,0.0,0.0
559,Afonso Claudio,BR,2020-05-09 19:44:31,-20.07,-41.12,64.22,81,67,3.36,broken clouds,0.0,0.0
560,San Cristobal,VE,2020-05-09 19:44:31,7.77,-72.22,84.2,54,75,26.4,broken clouds,0.0,0.0
561,Latung,PH,2020-05-09 19:44:31,5.5,120.88,84.27,74,100,4.74,overcast clouds,0.0,0.0
562,Zhuhai,CN,2020-05-09 19:44:31,22.28,113.57,86.0,88,40,12.75,scattered clouds,0.0,0.0
563,Amantea,IT,2020-05-09 19:44:31,39.13,16.07,61.0,77,71,4.7,broken clouds,0.0,0.0
564,Mount Isa,AU,2020-05-09 19:44:32,-20.73,139.5,68.0,28,3,10.29,clear sky,0.0,0.0
565,Pueblo Nuevo,MX,2020-05-09 19:44:32,23.38,-105.38,83.16,15,0,10.33,clear sky,0.0,0.0
566,Poya,NC,2020-05-09 19:44:32,-21.35,165.15,69.49,80,31,3.0,scattered clouds,0.0,0.0
567,Novobelokatay,RU,2020-05-09 19:44:32,55.71,58.95,60.94,51,86,7.74,overcast clouds,0.0,0.0
568,Srednekolymsk,RU,2020-05-09 19:44:32,67.45,153.68,30.56,96,96,10.45,overcast clouds,0.0,0.0
569,Toamasina,MG,2020-05-09 19:44:32,-18.17,49.38,71.6,94,40,2.24,shower rain,0.0,0.0
570,Pestovo,RU,2020-05-09 19:44:33,58.59,35.8,45.66,81,4,4.59,clear sky,0.0,0.0
571,Rio Grande,BR,2020-05-09 19:40:34,-32.03,-52.1,73.4,46,9,12.75,clear sky,0.0,0.0
572,Mayor Pablo Lagerenza,PY,2020-05-09 19:44:33,-19.93,-60.77,85.98,37,0,11.43,clear sky,0.0,0.0
573,Chulman,RU,2020-05-09 19:44:33,56.85,124.91,24.82,95,2,1.52,clear sky,0.0,0.0
